file,status,old_error,new_error,secs_old,secs_new,sheets_old,sheets_new,dims_old,dims_new,dims_match,cells_compared,diff_real,diff_value_vs_na,diff_empty_vs_na,diff_whitespace,diff_line_ending,formulas_old,formulas_new,formulas_lost
10 - Lambton Kent DSB.xlsx,both_ok,NA,NA,2.624,0.576,11,11,550 x 218,550 x 218,TRUE,118800,0,0,178,1,0,4613,4192,421
100 - James Bay Lowlands Secondary School Board.xlsx,both_ok,NA,NA,2.462,0.496,11,11,552 x 218,552 x 218,TRUE,119232,0,0,165,1,0,4470,4049,421
102 - Moose Factory Island District School Authority.xlsx,both_ok,NA,NA,2.276,0.409,11,11,549 x 218,548 x 218,FALSE,118584,0,0,4177,1,7,4534,4356,178
102 - Moosonee District School Authority.xlsx,both_ok,NA,NA,2.262,0.475,11,11,552 x 218,548 x 218,FALSE,119232,0,0,4244,1,7,4534,4356,178
103 - The Protestant Separate School Board of the Town of Penetanguishene.xlsx,both_ok,NA,NA,2.338,0.446,11,11,550 x 218,550 x 218,TRUE,118800,0,0,82,1,0,4406,3985,421
11 - Thames Valley DSB.xlsx,both_ok,NA,NA,2.633,0.682,11,11,561 x 218,561 x 218,TRUE,121176,0,0,1230,1,0,5501,4360,1141
12 - Toronto DSB.xlsx,both_ok,NA,NA,2.773,0.483,11,11,559 x 218,558 x 218,FALSE,120744,0,0,1353,1,0,5659,4422,1237
13 - Durham DSB.xlsx,both_ok,NA,NA,2.546,0.385,11,11,554 x 218,554 x 218,TRUE,119664,0,0,1190,1,0,5332,4239,1093
14 - Kawartha Pine Ridge DSB.xlsx,both_ok,NA,NA,2.459,0.389,11,11,552 x 218,552 x 218,TRUE,119232,0,0,474,1,0,4756,4095,661
15 - Trillium Lakelands DSB.xlsx,both_ok,NA,NA,2.441,0.411,11,11,551 x 218,551 x 218,TRUE,119016,0,0,3910,1,7,4406,4228,178
16 - York Region DSB.xlsx,both_ok,NA,NA,2.564,0.416,11,11,557 x 218,556 x 218,FALSE,120312,0,0,1423,1,0,5632,4395,1237
17 - Simcoe County DSB.xlsx,both_ok,NA,NA,2.981,0.558,11,11,556 x 218,555 x 218,FALSE,120096,0,0,1360,1,0,5641,4388,1253
18 - Upper Grand DSB.xlsx,both_ok,NA,NA,2.486,0.402,11,11,553 x 218,552 x 218,FALSE,119448,0,0,179,1,0,4628,4207,421
19 - Peel DSB.xlsx,both_ok,NA,NA,2.49,0.568,11,11,552 x 218,552 x 218,TRUE,119232,0,0,768,1,0,5042,4189,853
2 - Algoma DSB.xlsx,both_ok,NA,NA,2.568,0.402,11,11,549 x 218,548 x 218,FALSE,118584,0,0,4130,1,7,4549,4371,178
20 - Halton DSB.xlsx,both_ok,NA,NA,2.641,0.394,11,11,552 x 218,552 x 218,TRUE,119232,0,0,462,1,0,4786,4125,661
21 - Hamilton-Wentworth DSB.xlsx,both_ok,NA,NA,2.458,0.388,11,11,554 x 218,554 x 218,TRUE,119664,0,0,530,1,0,4865,4156,709
22 - DSB of Niagara.xlsx,both_ok,NA,NA,2.437,0.424,11,11,553 x 218,553 x 218,TRUE,119448,0,0,970,1,0,5249,4252,997
23 - Grand Erie DSB.xlsx,both_ok,NA,NA,2.498,0.471,11,11,553 x 218,553 x 218,TRUE,119448,0,0,478,1,0,4786,4125,661
24 - Waterloo Region DSB.xlsx,both_ok,NA,NA,2.696,0.38,11,11,553 x 218,553 x 218,TRUE,119448,0,0,242,1,0,4677,4256,421
25 - Ottawa-Carleton DSB.xlsx,both_ok,NA,NA,2.24,0.374,11,11,553 x 218,553 x 218,TRUE,119448,0,0,750,1,0,4963,4158,805
26 - Upper Canada DSB.xlsx,both_ok,NA,NA,2.208,0.518,11,11,549 x 218,548 x 218,FALSE,118584,0,0,238,1,0,4677,4256,421
27 - Limestone DSB.xlsx,both_ok,NA,NA,2.508,0.355,11,11,549 x 218,548 x 218,FALSE,118584,0,0,102,1,0,4406,3985,421
29 - Hastings and Prince Edward DSB.xlsx,both_ok,NA,NA,2.455,0.409,11,11,549 x 218,548 x 218,FALSE,118584,0,0,86,1,0,4406,3985,421
3 - Rainbow DSB.xlsx,both_ok,NA,NA,2.37,0.558,11,11,550 x 218,550 x 218,TRUE,118800,0,0,136,1,0,4470,4049,421
30.2 - Nipissing-Parry Sound Catholic DSB.xlsx,both_ok,NA,NA,2.474,0.361,11,11,549 x 218,548 x 218,FALSE,118584,0,0,92,1,0,4406,3985,421
35 - Bruce-Grey Catholic DSB.xlsx,both_ok,NA,NA,2.457,0.381,11,11,550 x 218,550 x 218,TRUE,118800,0,0,191,1,0,4598,4177,421
36 - Huron-Perth Catholic DSB.xlsx,both_ok,NA,NA,2.392,0.357,11,11,551 x 218,551 x 218,TRUE,119016,0,0,3894,1,11,4406,4228,178
37 - Windsor-Essex Catholic DSB.xlsx,both_ok,NA,NA,2.641,0.552,11,11,549 x 218,548 x 218,FALSE,118584,0,0,175,1,0,4534,4113,421
38 - London District Catholic SB.xlsx,both_ok,NA,NA,2.622,0.377,11,11,558 x 218,558 x 218,TRUE,120528,0,0,960,1,0,5294,4297,997
39 - St. Clair Catholic DSB.xlsx,both_ok,NA,NA,2.368,0.436,11,11,551 x 218,551 x 218,TRUE,119016,0,0,100,1,0,4406,3985,421
4 - Near North DSB.xlsx,both_ok,NA,NA,2.351,0.441,11,11,549 x 218,548 x 218,FALSE,118584,0,0,3920,1,7,4406,4228,178
40 - Toronto Catholic DSB.xlsx,both_ok,NA,NA,2.661,0.642,11,11,565 x 218,565 x 218,TRUE,122040,0,0,1520,1,0,5768,4483,1285
41 - Peterborough Victoria Northumberland Clarington Catholic DSB.xlsx,both_ok,NA,NA,2.617,0.454,11,11,549 x 218,548 x 218,FALSE,118584,0,0,107,1,0,4470,4049,421
42 - York Catholic DSB.xlsx,both_ok,NA,NA,2.675,0.507,11,11,550 x 218,549 x 218,FALSE,118800,0,0,208,1,0,4629,4208,421
43 - Dufferin Peel Catholic DSB.xlsx,both_ok,NA,NA,2.44,0.548,11,11,550 x 218,550 x 218,TRUE,118800,0,0,192,1,0,4613,4192,421
44 - Simcoe Muskoka Catholic DSB.xlsx,both_ok,NA,NA,2.618,0.513,11,11,556 x 218,554 x 218,FALSE,120096,0,0,745,1,0,5031,4226,805
45 - Durham Catholic DSB.xlsx,both_ok,NA,NA,2.402,0.375,11,11,550 x 218,549 x 218,FALSE,118800,0,0,230,1,0,4692,4271,421
46 - Halton Catholic DSB.xlsx,old_error,attempt to set index 6612/6612 in SET_STRING_ELT,NA,2.741,0.411,NA,NA,NA,NA,NA,NA,NA,NA,NA,NA,NA,NA,NA,NA
47 - Hamilton-Wentworth Catholic DSB.xlsx,both_ok,NA,NA,2.403,0.357,11,11,551 x 218,551 x 218,TRUE,119016,0,0,481,1,0,4726,4065,661
48 - Wellington Catholic DSB.xlsx,both_ok,NA,NA,2.447,0.605,11,11,554 x 218,554 x 218,TRUE,119664,0,0,298,1,0,4662,4241,421
49 - Waterloo Catholic DSB.xlsx,both_ok,NA,NA,3.037,0.401,11,11,558 x 218,557 x 218,FALSE,120528,0,0,1377,1,0,5580,4391,1189
5.1 - Keewatin-Patricia DSB.xlsx,both_ok,NA,NA,2.713,0.404,11,11,551 x 218,551 x 218,TRUE,119016,0,0,3998,1,12,4470,4292,178
5.2 - Rainy River DSB.xlsx,both_ok,NA,NA,2.437,0.54,11,11,550 x 218,550 x 218,TRUE,118800,0,0,93,1,0,4485,4064,421
50 - Niagara Catholic DSB.xlsx,both_ok,NA,NA,2.776,0.38,11,11,554 x 218,554 x 218,TRUE,119664,0,0,225,1,0,4677,4256,421
51 - Brant Haldimand Norfolk Catholic DSB.xlsx,both_ok,NA,NA,2.878,0.364,11,11,552 x 218,552 x 218,TRUE,119232,0,0,162,1,0,4643,4222,421
52 - Catholic DSB of Eastern Ontario.xlsx,both_ok,NA,NA,2.422,0.365,11,11,551 x 218,550 x 218,FALSE,119016,0,0,243,1,0,4707,4286,421
53 - Ottawa Catholic School Board.xlsx,both_ok,NA,NA,2.521,0.372,11,11,553 x 218,553 x 218,TRUE,119448,0,0,769,1,0,5042,4189,853
54 - Renfrew County Catholic DSB.xlsx,both_ok,NA,NA,2.376,0.408,11,11,549 x 218,548 x 218,FALSE,118584,0,0,148,1,0,4470,4049,421
55 - Algonquin and Lakeshore Catholic DSB.xlsx,both_ok,NA,NA,2.298,0.396,11,11,551 x 218,551 x 218,TRUE,119016,0,0,455,1,0,4756,4095,661
56 - CSD du Nord-Est de l'Ontario.xlsx,both_ok,NA,NA,2.345,0.406,11,11,550 x 218,550 x 218,TRUE,118800,0,0,190,1,0,4549,4128,421
57 - CSP Grand Nord de l'Ontario.xlsx,both_ok,NA,NA,2.763,0.397,11,11,549 x 218,548 x 218,FALSE,118584,0,0,138,1,0,4485,4064,421
58 - CS Viamonde.xlsx,both_ok,NA,NA,2.611,0.37,11,11,558 x 218,558 x 218,TRUE,120528,0,0,1231,1,0,5452,4359,1093
59 - CEPs de l'Est de l'Ontario.xlsx,both_ok,NA,NA,2.322,0.373,11,11,562 x 218,562 x 218,TRUE,121392,17,0,1214,1,0,5422,4329,1093
60.1 - CSC des Grandes Rivières.xlsx,both_ok,NA,NA,2.492,0.582,11,11,552 x 218,552 x 218,TRUE,119232,0,0,151,1,0,4470,4049,421
61 - CSDC du Nouvel-Ontario.xlsx,both_ok,NA,NA,3.362,0.357,11,11,549 x 218,548 x 218,FALSE,118584,0,0,164,1,0,4470,4049,421
63 - CSC Providence.xlsx,both_ok,NA,NA,2.342,0.38,11,11,549 x 218,548 x 218,FALSE,118584,0,0,788,1,0,4997,4152,845
64 - CSC MonAvenir.xlsx,both_ok,NA,NA,2.497,0.537,11,11,557 x 218,557 x 218,TRUE,120312,2,0,1135,1,0,5373,4328,1045
65 - CSDC de l'Est Ontarien.xlsx,both_ok,NA,NA,2.817,0.407,11,11,549 x 218,548 x 218,FALSE,118584,0,0,150,1,0,4470,4049,421
66 - CEC du Centre-Est.xlsx,both_ok,NA,NA,2.705,0.383,11,11,555 x 218,554 x 218,FALSE,119880,0,0,1462,1,0,5599,4364,1235
7 - Bluewater DSB.xlsx,both_ok,NA,NA,2.472,0.404,11,11,552 x 218,552 x 218,TRUE,119232,0,0,441,1,0,4771,4110,661
8 - Avon Maitland DSB.xlsx,both_ok,NA,NA,2.768,0.379,11,11,551 x 218,551 x 218,TRUE,119016,0,0,104,1,0,4485,4064,421
9 - Greater Essex County DSB.xlsx,both_ok,NA,NA,2.361,0.369,11,11,550 x 218,549 x 218,FALSE,118800,0,0,600,1,0,4884,4127,757
